t,yaw,pitch,roll,g_horizontal,is_blinking,left_px,left_py,right_px,right_py,trial_index,stimulus_state,stimulus_direction
1763480490.523167,-27.6843854990768,-167.54564187783873,-170.1439860838833,0.5806896551724138,0,746,601,855,627,0,center,left
1763480490.745485,-32.32332345683349,-174.78893646393843,14.46985665446033,0.5687830687830687,0,748,612,864,633,0,center,left
1763480490.877687,-24.880026349609032,178.84103354854082,16.778513142387286,0.5923831070889893,0,741,634,868,665,0,center,left
1763480491.011177,-26.626938723228648,178.6980188038442,17.037320533302882,0.6342229199372056,0,747,634,873,665,0,center,left
1763480491.146046,-26.595372258841653,178.6309415724542,17.109953468215448,0.6268382352941176,0,746,624,873,656,0,center,left
1763480491.278365,-25.499542195287177,178.99347258767577,17.59990132805511,0.616326530612245,0,743,620,869,653,0,center,left
1763480491.411409,-26.05690266583748,177.96377155647326,17.57261513201505,0.6268382352941176,0,740,621,865,652,0,center,left
1763480491.559581,-24.15379604076355,-179.94264849627174,16.77957564623524,0.6041176470588235,0,763,594,890,626,0,gap,left
1763480491.688179,-23.4310961074042,-179.46817161459677,16.29683513004504,0.6156122826489085,0,808,572,936,603,0,gap,left
1763480491.823618,-23.105021016541407,-178.46589895100712,15.470058582405,0.601998491704374,0,836,556,964,588,0,target,left
1763480491.948342,-30.018998470242003,-174.0578708006282,14.66024583274856,0.534377998081228,0,867,543,995,574,0,target,left
1763480492.082447,-29.726650019728798,-177.64324278005634,16.451565541507406,0.56,0,872,533,999,567,0,target,left
1763480492.2156951,-30.051964362454047,-174.0573704938873,15.390914693076857,0.49760153501758875,0,870,532,997,563,0,target,left
1763480492.352649,-31.50709186111723,-175.70901837746663,16.267668059378007,0.47641509433962265,0,864,540,993,572,0,target,left
1763480492.4945128,-25.050037424406884,-179.98554068737886,16.666637283977433,0.613921568627451,0,855,558,982,590,0,target,left
1763480492.615915,-23.944739370283518,-179.8316919277875,16.376918431691088,0.6173076923076923,0,849,564,974,596,0,target,left
1763480492.7644029,-22.792044775917248,-179.38318610894447,16.642499360589323,0.6039215686274509,0,847,556,974,589,0,target,left
1763480492.919907,-24.25259829109163,179.1834904684869,17.33657167406667,0.6757692307692308,0,858,544,981,579,0,target,left
1763480493.053041,-21.769867386025027,-178.35948533037723,17.319072716335167,0.6731372549019607,0,884,513,1010,551,0,target,left
1763480493.193322,-17.4917351177318,-178.2608567973595,18.76537748834258,0.5788461538461538,0,944,528,1071,567,0,target,left
1763480493.358142,-13.874970207208234,-179.0068145934814,17.331257811762644,0.6214177978883861,0,979,485,1109,522,1,center,left
1763480493.521631,-18.572432175358575,-178.49339948728402,17.480268943822733,0.6568627450980392,0,1007,497,1137,535,1,center,left
1763480493.656894,-15.907199396178592,179.09017256730087,18.258347251800625,0.6533333333333333,1,1014,525,1142,563,1,center,left
1763480493.7973042,-17.074582319807412,-179.58124921785665,18.01533127895382,0.6531372549019607,0,1019,519,1145,558,1,center,left
1763480493.920901,-17.73772874029172,-178.27526606463027,17.514790473789734,0.64,0,1016,511,1142,549,1,center,left
1763480494.060873,-15.637353447966106,-178.5705607613595,16.999076149573703,0.6156122826489085,0,1007,500,1137,538,1,center,left
1763480494.188617,-15.679206951238918,-178.97002315844932,17.02756072277306,0.6764705882352942,0,1009,518,1141,557,1,center,left
1763480494.327231,-15.570422734536411,-179.39012593297545,16.989343181160404,0.6602564102564102,0,1007,515,1137,554,1,center,left
1763480494.457491,-14.677637052553852,-179.53334142245703,17.144379392486297,0.6274509803921569,0,1005,526,1135,563,1,gap,left
1763480494.591093,-14.847527751911462,-179.85437953603736,16.9303568041764,0.6538461538461539,0,1004,508,1133,545,1,gap,left
1763480494.722982,-16.841366626852583,-179.91649709127063,17.830280431435792,0.625,1,1001,509,1129,547,1,target,right
1763480494.859648,-16.180980355898214,-179.04132154611779,18.808294776847134,0.6635294117647059,1,997,510,1125,550,1,target,right
1763480494.993794,-18.275955218878988,-179.22410898347835,17.9012421224234,0.6469230769230769,1,985,492,1112,530,1,target,right
1763480495.1274471,-17.582534135108563,179.42199821539188,16.25026042821878,0.6057692307692308,0,935,485,1065,519,1,target,right
1763480495.257997,-14.165407201566016,179.4838171999124,12.787616133957028,0.650997150997151,1,863,470,998,498,1,target,right
1763480495.393661,-3.6123212489888186,-179.61748936762274,9.05233629907318,0.6511118598382749,1,785,468,925,488,1,target,right
1763480495.519955,7.451007165173242,-176.8132147828294,6.417560374352246,0.6742800397219464,0,719,467,853,483,1,target,right
1763480495.660804,5.098186608891448,-176.1188498954103,7.708784740056622,0.6989519945909398,0,688,461,826,480,1,target,right
1763480495.794199,8.40954938768129,-175.34329411229496,8.532929264779042,0.6803306342780027,0,679,455,815,477,1,target,right
1763480495.923336,7.208002134679001,-175.88009446207866,8.143308783102265,0.6843501326259946,0,672,452,806,472,1,target,right
1763480496.0590541,7.075857451527108,-176.2913633758071,8.788214514795998,0.692970822281167,0,674,453,808,474,1,target,right
1763480496.19344,4.8657196542590055,-177.99469296611653,9.090879238073912,0.6687306501547987,0,672,456,805,480,1,target,right
1763480496.3310342,2.4706940489160405,179.66569591201434,11.43306030832756,0.6413828689370484,0,694,435,825,467,2,center,right
1763480496.456467,-1.515918363537777,176.28635855246546,15.512932991877767,nan,0,nan,nan,nan,nan,2,center,right
1763480496.5950139,-2.249292344353478,175.87859898958493,17.137838118834576,0.6618589743589745,1,734,430,858,470,2,center,right
1763480496.728313,-2.8779464814558735,176.0199069911462,16.770684985709412,0.6818910256410255,1,743,438,868,477,2,center,right
1763480496.8605719,-4.25875261626016,176.3392064363476,17.01720694802341,0.7044740973312402,0,747,440,870,478,2,center,right
1763480496.991151,-4.729230364916562,176.2362782823687,17.472225749546542,0.6975356180207932,0,747,439,873,479,2,center,right
1763480497.128465,-5.810098549395655,176.60811891351833,17.526021822800743,0.6992635024549918,0,749,441,874,480,2,center,right
1763480497.260488,-2.9960616276130394,176.522524472911,17.51641033021596,0.67459324155194,0,749,441,874,481,2,center,right
1763480497.395778,-6.0839941176107075,176.2518756169952,17.77030541403761,0.7056737588652482,0,750,442,875,481,2,gap,right
1763480497.519114,-2.4752849520259748,176.75229134339722,17.311592762943757,0.6979166666666666,0,750,442,875,481,2,gap,right
1763480497.6614752,-5.028338276143273,176.43892220749686,17.784877355508957,0.6915064102564102,0,750,442,875,481,2,target,right
1763480497.798648,-5.2765485405528985,175.99740166289547,17.476775872707357,0.7115384615384616,0,750,442,875,480,2,target,right
1763480497.921938,-5.084442576898617,175.77305539508677,17.54214805825919,0.6915064102564102,0,749,442,874,481,2,target,right
1763480498.065131,-3.262271106014723,175.65925556909463,17.171571221555727,0.6915064102564102,0,749,442,874,481,2,target,right
1763480498.1879559,-6.013476524211588,175.25249507852857,17.646736752981113,0.6881127450980392,0,749,444,874,482,2,target,right
1763480498.326103,-5.1494286991474025,175.88581705531536,17.438401066654265,0.6886252045826514,0,750,444,875,482,2,target,right
1763480498.459467,-4.423213521529477,175.64995863440973,17.283016721207552,0.6778975741239892,0,750,444,875,482,2,target,right
1763480498.590633,-5.075568254964723,176.085582395184,17.11363573799876,0.6444270015698588,0,747,443,873,482,2,target,right
1763480498.725971,-4.467290834960726,175.461066936664,16.961452448866638,0.624607535321821,0,746,444,872,483,2,target,right
1763480498.865439,-7.245377039248545,175.7177601125659,17.131623364223863,0.6308523409363745,0,746,445,871,483,2,target,right
1763480498.9908302,-6.462242596899331,175.59780382962586,17.04941888257255,0.6274509803921569,0,746,445,871,484,2,target,right
1763480499.122168,-6.576411029617955,175.9788656600297,16.936454202592813,0.6372549019607843,0,746,446,872,484,2,target,right
1763480499.263463,-3.013551571018391,175.3926896592365,16.735010971326997,0.6610576923076923,0,747,446,874,484,3,center,right
1763480499.392141,-6.342136640514005,175.60219272748859,16.9529231806391,0.671474358974359,0,748,447,874,484,3,center,right
1763480499.5287218,-3.166078301513812,175.35470068731033,16.889155490585463,0.6776960784313726,0,748,446,874,485,3,center,right
1763480499.660616,-4.081242513778891,175.23091453021968,16.518758069876093,0.6810897435897436,0,748,447,874,485,3,center,right
1763480499.795125,-6.90733182523353,175.3334488877329,16.989479386471373,0.7011217948717949,0,749,448,875,485,3,center,right
1763480499.9285288,-2.5880200269647586,175.54852573803964,16.781223262629318,0.673861852433281,0,748,449,875,486,3,center,right
1763480500.060002,-9.594929028565025,175.68643334695892,17.331248025027556,0.6904761904761905,0,749,448,875,486,3,center,right
1763480500.1997068,-6.211449622456513,175.85621081934733,16.822284444991105,0.6907051282051282,0,749,448,875,486,3,center,right
1763480500.3258429,-18.889964430141195,177.09327092670543,18.697250249824084,0.7083333333333333,0,757,448,882,485,3,gap,right
1763480500.456885,-13.888146984491293,175.63841307119958,18.011171155443638,0.720688275310124,0,762,447,889,486,3,gap,right
1763480500.595503,-25.385360303756624,176.67238691199148,18.89640181143869,0.673469387755102,0,767,445,895,483,3,target,right
1763480500.729995,-31.41066120543901,177.36445659386925,18.36604477667808,0.7066666666666667,1,796,451,921,487,3,target,right
1763480500.859722,-41.1352852581328,176.70051100311724,17.31950987338902,0.8415384615384616,0,844,455,958,488,3,target,right
1763480500.992003,-39.362395965594324,175.8377806168889,16.563388832681316,nan,0,nan,nan,nan,nan,3,target,right
1763480501.1332889,-40.61563662950146,175.78263257848062,17.530348488743744,nan,0,nan,nan,nan,nan,3,target,right
1763480501.2592661,-41.106748003373916,177.0769589233021,16.680275786549995,nan,0,nan,nan,nan,nan,3,target,right
1763480501.395357,-33.940150305556585,178.37251598958932,15.144005179567937,nan,0,nan,nan,nan,nan,3,target,right
1763480501.525043,-22.108029941199337,-179.1919621006474,16.029722539772006,0.607843137254902,1,773,468,901,501,3,target,right
1763480501.660573,-22.21863643025809,-178.23763687119762,15.320875249392103,0.6198479391756703,1,765,464,894,499,3,target,right
1763480501.796109,-31.424952030183615,-174.0472421432565,14.627472032139295,nan,0,nan,nan,nan,nan,3,target,right
1763480501.929185,-29.559767048063666,-175.50810813020266,15.749175379220025,0.5714285714285714,0,768,457,894,490,3,target,right
1763480502.062937,-24.273781715807296,-177.62111093845326,16.3794802867118,0.6208791208791209,0,770,458,898,494,3,target,right
1763480502.1967528,-19.74261255758063,179.7665176275887,17.00213866571934,0.6241176470588236,1,775,466,900,502,4,center,right
1763480502.32562,-29.483281190583508,-175.25763513824384,15.457866810255624,0.563983488132095,0,773,458,900,493,4,center,right
1763480502.458488,-20.020744147503464,179.56412667763135,17.092857146037616,0.6212292609351433,1,772,464,899,502,4,center,right
1763480502.596125,-20.969639121833115,179.2997377839916,17.02316226706664,0.6161224489795918,0,771,464,899,501,4,center,right
1763480502.730412,-21.43277292870514,179.16717284633026,16.986633016323726,0.63,0,772,466,899,502,4,center,right
1763480502.860787,-21.752893593549572,179.05643491546587,16.707193587837324,0.65,0,773,468,899,504,4,center,right
1763480502.9934561,-20.33276731901882,178.8511972709383,17.024748017087337,0.63,0,772,468,899,505,4,center,right
1763480503.1246772,-22.582984859503583,178.66040755355854,17.090377652703204,0.6632653061224489,0,773,470,899,506,4,center,right
1763480503.2616498,-21.409754495846784,177.9481816168885,17.06616849617831,0.636326530612245,0,772,471,898,507,4,gap,right
1763480503.396609,-20.15862131665432,178.5918223602007,17.009435439810794,0.6437254901960785,0,773,473,899,509,4,gap,right
1763480503.52771,-22.322457728446494,178.04511142400898,17.22222718869673,0.6326530612244898,0,773,474,898,509,4,target,left
1763480503.663557,-22.11181345172807,178.90919072800523,17.37031640576622,0.6224489795918368,0,774,474,898,509,4,target,left
1763480503.796653,-23.189234522139216,178.15975896560965,17.360426108387085,0.6125,0,773,473,898,509,4,target,left
1763480503.927558,-21.653814866339705,177.70490692599128,17.21193695905245,0.6100440176070427,0,773,474,899,510,4,target,left
1763480504.0650308,-23.083350293549174,178.2405715691995,17.510755984761992,0.6020408163265306,0,773,473,899,510,4,target,left
1763480504.194783,-22.904270208049084,178.50827818611458,17.309952638268953,0.6122448979591837,0,774,474,899,509,4,target,left
1763480504.327586,-22.620723898133637,178.7831457637479,17.288206485459135,0.6224489795918368,0,774,474,900,510,4,target,left
1763480504.461173,-24.242487267516935,178.49630132395643,17.18351324050292,0.598001700680272,0,773,474,899,510,4,target,left
1763480504.5958679,-22.95144858290022,178.51081498825056,17.58933754190638,0.6122448979591837,0,774,474,900,509,4,target,left
1763480504.728587,-22.72449139299487,178.14786840379273,17.427818505499523,0.6290391156462585,0,774,474,900,510,4,target,left
1763480504.8626518,-22.363291151099787,177.85300814334917,17.179858797275383,0.626326530612245,0,774,474,900,510,4,target,left
1763480504.9972842,-23.548474012509562,177.9174018615424,17.455233778876266,0.6224489795918368,0,774,474,900,510,4,target,left
1763480505.1296482,-23.290607787741255,178.48662090061183,17.374722551344565,0.6224489795918368,0,774,474,900,509,5,center,left
1763480505.263484,-23.333353341875505,177.75427202493583,17.36926176550823,0.6329166666666667,0,774,474,900,509,5,center,left
1763480505.396435,-22.79488755584133,178.05512866764388,17.36568538520247,0.6224489795918368,0,774,474,900,510,5,center,left
1763480505.528337,-23.664694298537462,178.25309614137478,17.23882852806872,0.6290391156462585,0,774,474,900,509,5,center,left
1763480505.66176,-22.95313674267337,177.40854403659122,17.601346865694087,0.606326530612245,0,773,474,900,510,5,center,left
1763480505.799444,-22.528708315834844,178.1236555140511,17.27158415442728,0.6122448979591837,0,773,475,899,509,5,center,left
1763480505.927938,-22.877481265206626,177.627151494473,17.247938581477076,0.6084183673469388,0,773,475,899,510,5,center,left
1763480506.0648918,-23.034239272705708,178.21727194549953,17.354860050385287,0.6079931972789117,0,773,475,899,510,5,center,left
1763480506.18864,-24.336570518826246,178.3727935542089,17.168029979507438,0.6084183673469388,0,773,475,899,510,5,gap,left
1763480506.319284,-25.529306581499295,178.71755442145533,17.271112444577945,0.6084183673469388,0,773,474,899,510,5,gap,left
1763480506.452914,-23.065904975834258,177.76476422493525,17.18409299725937,0.6161224489795918,0,774,474,899,509,5,target,right
1763480506.593499,-23.422971254012662,177.02809510002726,16.842861595414604,0.6530612244897959,0,775,470,901,506,5,target,right
1763480506.725408,-22.95843688654463,177.28300521134287,16.985439071678506,0.6225,0,775,470,901,506,5,target,right
1763480506.86153,-22.096210835166847,177.36644985928308,17.03382893510838,0.63,0,775,469,903,506,5,target,right
1763480506.999989,-22.099457224457517,177.04437575086348,16.971643269004822,0.6261224489795918,0,776,470,902,506,5,target,right
1763480507.1317592,-22.74791219479971,176.9294470237319,17.34955904759084,0.626326530612245,0,776,471,903,508,5,target,right
1763480507.263959,-22.762544575314564,177.41682892363195,17.322146015754456,0.613921568627451,0,776,471,903,508,5,target,right
1763480507.3918421,-22.55486596056611,177.72478305417016,17.036000701535514,0.6137254901960785,0,776,471,902,508,5,target,right
1763480507.52146,-22.649276724933287,177.47413373764655,17.480037556744584,0.5920833333333333,0,776,472,903,508,5,target,right
1763480507.663643,-22.98473451114638,178.3700702897612,17.73245080389932,0.5920833333333333,0,776,472,902,508,5,target,right
1763480507.79697,-24.104125959339108,178.28311314284522,17.278706069664,0.606326530612245,0,776,473,903,508,5,target,right
1763480507.928462,-23.411020890142595,177.6290938342902,17.568417151658693,0.5961224489795918,0,776,472,903,508,5,target,right
1763480508.0644748,-23.24037145572909,176.63245759287034,17.380049089569926,0.613921568627451,0,776,472,902,508,6,center,right
1763480508.1976051,-24.222454408814027,178.29975842349432,17.57330350202063,0.6103723404255319,0,776,473,902,509,6,center,right
1763480508.33163,-23.569794671312923,178.09227120968558,17.40877173046464,0.6061224489795918,0,776,473,902,509,6,center,right
1763480508.46036,-24.458059140419834,178.05980330655495,17.234928146945595,0.6188350340136055,0,776,473,903,509,6,center,right
1763480508.600909,-23.48581883879668,178.28498706485766,17.36274150000503,0.6041666666666666,0,776,473,902,509,6,center,right
1763480508.733214,-23.496057797226396,178.02279922614116,17.18838931905317,0.6186224489795918,0,776,473,902,510,6,center,right
1763480508.8675609,-23.212982714574327,178.24367408877418,17.490680431977886,0.6224489795918368,0,776,473,902,510,6,center,right
1763480509.0008059,-23.44207194956462,178.15120878483017,18.104583346805107,0.765,0,789,474,911,505,6,center,right
1763480509.1325,-30.422212580687425,-179.2550927089774,15.797372063513397,0.7739938080495357,0,799,473,920,502,6,gap,right
1763480509.267158,-31.059026533886662,179.40461722507536,15.85702271499586,0.8073684210526315,0,803,470,924,502,6,gap,right
1763480509.397877,-29.67204115923385,178.8631757252687,15.632935470145226,0.8299879566439181,0,803,474,924,504,6,target,left
1763480509.537138,-34.62030498048593,-179.62884714754287,11.245827449023277,nan,0,nan,nan,nan,nan,6,target,left
1763480509.6602812,-40.086643946871064,-178.01541995057687,6.461939610017714,nan,0,nan,nan,nan,nan,6,target,left
1763480509.801234,-41.09866182128078,-177.17465746625143,6.622409411688902,0.7950404858299596,0,834,485,941,498,6,target,left
1763480509.934177,-41.28045795717188,-177.72503651432123,5.91726650017066,nan,0,nan,nan,nan,nan,6,target,left
1763480510.065902,-28.58690982530752,-177.04432859916153,9.740038230912182,0.5526901669758812,0,768,487,902,506,6,target,left
1763480510.199886,-4.0356127238017905,-179.68544415390903,13.407619421566853,0.6633333333333333,1,739,475,871,505,6,target,left
1763480510.328396,-3.7331919767828694,-178.71341926719316,13.512867430485477,0.7080498866213152,1,737,474,872,506,6,target,left
1763480510.461132,-2.6660733745477705,-178.27357384353394,12.884538095530292,0.6422902494331066,0,736,474,866,504,6,target,left
1763480510.601522,-4.690936723702018,-178.55456488778916,12.691398148869492,0.6355555555555557,1,735,475,866,504,6,target,left
1763480510.728908,-4.449511272454227,-178.9118042986428,12.702317915420373,0.6355555555555557,1,735,475,865,505,6,target,left
1763480510.8655272,-5.618341781384107,-178.98111173049844,12.43410476542571,0.6162962962962963,1,734,475,865,505,6,target,left
1763480510.994693,-2.983757167523575,-178.8360460809341,12.34131933216191,0.7011111111111111,1,737,476,872,507,7,center,left
1763480511.132117,-6.2941867631781045,-178.27210267204012,12.429439734238564,0.674074074074074,1,738,477,870,506,7,center,left
1763480511.271859,-8.248550840460288,-178.96353505522143,12.542571871730678,0.6881016557566423,1,742,480,871,508,7,center,left
1763480511.3932018,-8.230235432494448,-178.58381347148406,12.411445853226597,0.6672113289760349,1,741,479,872,508,7,center,left
1763480511.5310342,-10.034496817492968,-178.60485439795715,12.389092202862484,0.6672113289760349,1,741,481,873,509,7,center,left
1763480511.6675148,-7.766630663829736,-178.78053337122003,12.319019607624234,0.6831298557158713,0,742,481,874,509,7,center,left
1763480511.8007412,-9.751808687173476,-179.04620627722244,12.28985435603489,0.6707547169811321,0,742,481,873,510,7,center,left
1763480511.9342332,-18.942063482946292,-178.5620084116782,11.989236653020562,0.7029411764705882,1,757,489,887,515,7,center,left
1763480512.067416,-42.318089639426184,-176.35280241177898,4.8540955351519814,nan,0,nan,nan,nan,nan,7,gap,left
1763480512.1949172,-46.83841226903867,-176.7711827417539,1.8443439661188181,nan,0,nan,nan,nan,nan,7,gap,left
1763480512.323862,-47.33071084416857,179.65453028897602,5.624435351817055,nan,0,nan,nan,nan,nan,7,target,right
1763480512.458753,-47.662116572965616,179.88477418977791,4.931228123968581,nan,0,nan,nan,nan,nan,7,target,right
1763480512.590208,-48.23851815048402,-177.58256966553324,3.3863136795775186,nan,0,nan,nan,nan,nan,7,target,right
1763480512.722313,-47.245911237093964,-179.89022315112203,5.163242332391014,nan,0,nan,nan,nan,nan,7,target,right
1763480512.856204,-48.40721070150331,-179.63174057919724,5.032419366300249,nan,0,nan,nan,nan,nan,7,target,right
1763480512.9988601,-43.86055942153557,-179.39191305656936,-175.35909756367894,nan,0,nan,nan,nan,nan,7,target,right
1763480513.12643,-44.64197492063183,-178.93318714728176,5.779403684631461,nan,0,nan,nan,nan,nan,7,target,right
1763480513.2644072,-25.90905446505532,-176.95475450726042,8.644615793803844,0.5876010781671159,1,769,499,898,516,7,target,right
1763480513.389198,-16.373406312383064,-179.0481270227425,10.718912199789616,0.6310331825037707,1,747,489,880,513,7,target,right
1763480513.522688,-14.648154736334437,-178.7245960850112,10.995244486586246,0.6250462449130596,1,744,487,877,511,7,target,right
1763480513.65601,-14.934292495362254,-178.1431322414502,10.998985107651029,0.625,1,745,486,877,511,7,target,right
1763480513.791253,-16.9427637387021,-179.02432373914885,11.075151769537745,0.625,0,746,486,879,511,7,target,right
1763480513.9271839,-18.927354634692794,-177.08215441700327,11.035523853623154,0.6310331825037707,0,747,486,880,511,8,center,right
1763480514.063618,-18.65259842062465,-178.2115079657063,11.054970769526228,0.6312217194570136,0,748,487,879,511,8,center,right
1763480514.194381,-16.500083145310043,-178.54290832081014,10.842246155561542,0.6408371040723981,1,748,486,880,511,8,center,right
1763480514.323879,-15.982993812572367,-178.83428226868278,10.820433852812023,0.6346153846153846,1,748,486,879,510,8,center,right
1763480514.455863,-17.495896261689186,-179.1847827914762,10.574917818967812,0.6442307692307692,1,748,486,879,510,8,center,right
1763480514.5892658,-17.24068798107403,-178.58756980880565,10.511580224667117,0.6442307692307692,1,747,485,879,509,8,center,right
1763480514.723551,-17.1966053624336,-179.0166456374035,10.74782964585671,0.6408371040723981,0,747,485,879,508,8,center,right
1763480514.858946,-17.326738331098774,-179.0298895831864,10.41602434282287,0.6470588235294118,0,747,485,879,508,8,center,right
1763480514.996588,-16.88521934369892,-178.7511136102098,10.567162774860716,0.6312217194570136,1,748,486,879,509,8,gap,right
1763480515.125519,-17.059980970798765,-179.35639546668494,10.697653611627695,0.6214177978883861,1,747,486,878,510,8,gap,right
1763480515.273674,-16.88841614346335,-178.85590168753018,10.461128874773925,0.6153846153846154,1,746,487,878,510,8,target,right
1763480515.396462,-17.335873236193816,-179.14042474656168,10.66606531908175,0.6442307692307692,0,747,488,879,511,8,target,right
1763480515.530841,-17.98971250096177,-178.56020204448896,10.265412456692912,0.6406485671191553,1,748,489,879,512,8,target,right
1763480515.6710742,-17.384255588792247,-179.10056575819667,10.596513582017229,0.6153846153846154,1,748,489,879,512,8,target,right
1763480515.802711,-18.0305098822763,-179.22756666383842,10.668140640412902,0.6212292609351433,0,748,489,880,513,8,target,right
1763480515.93621,-17.629704157841264,-179.01835880219892,10.39551975882701,0.6153846153846154,1,749,490,880,514,8,target,right
1763480516.070914,-18.903516901401304,-178.7299865079658,10.734054274197506,0.5961538461538461,0,749,490,880,513,8,target,right
1763480516.2036228,-18.613397330130674,-179.3913053952702,10.825303588191346,0.6118024132730016,0,749,490,880,513,8,target,right
1763480516.337224,-18.13718876389367,-179.3663287077039,10.695706540744773,0.6116138763197587,0,749,490,881,513,8,target,right
1763480516.4585679,-19.796938543106407,-178.9882764885512,10.795792350821694,0.5961538461538461,0,749,490,881,514,8,target,right
1763480516.603474,-19.372582524618853,-179.48465303772014,10.877918994731655,0.5961538461538461,0,749,491,881,514,8,target,right
1763480516.735144,-18.67593544431522,-178.82364229624426,10.786110288265888,0.6078431372549019,0,750,491,882,514,8,target,right
1763480516.866103,-18.621608006727953,-178.75133380202897,10.98380972531105,0.601998491704374,0,751,491,882,514,9,center,right
1763480517.008266,-19.136481455298128,-179.0397026415852,10.703493928220897,0.6058083610802811,0,751,492,883,515,9,center,right
1763480517.129571,-19.590242647643155,-179.61713045747655,10.67657736955622,0.6037735849056604,0,751,491,883,514,9,center,right
1763480517.2580779,-19.21413669025138,-179.68948900920176,10.996840681487003,0.6153846153846154,0,752,491,884,514,9,center,right
1763480517.391216,-21.07451023810603,-179.39728297641255,10.759530946274868,0.6259608665269043,0,756,492,887,515,9,center,right
1763480517.5250611,-20.272530375286287,179.64112744203226,10.78607856581673,0.6380624092888243,0,758,493,889,516,9,center,right
1763480517.6582432,-21.195171624116753,-179.71581751563514,10.686054734906003,0.6187363834422658,0,758,493,888,517,9,center,right
1763480517.796932,-21.573566864172903,-179.6763013085752,10.759683747381816,0.6190130624092889,0,758,493,888,516,9,center,right
1763480517.931815,-22.97884800550338,-179.29937098988054,10.578507119331478,0.6344802071772104,0,758,494,888,517,9,gap,right
1763480518.060809,-22.251030162566366,-179.45017571985358,10.80999836364921,0.6191944847605224,0,757,494,888,517,9,gap,right
1763480518.207428,-22.241462965212474,-179.06385302348428,10.505721854079027,0.6285403050108933,0,756,493,887,516,9,target,right
1763480518.333075,-22.591991074698125,-178.8081966339252,10.876249040327702,0.6225071225071226,0,757,493,888,516,9,target,right
1763480518.465439,-22.412616457467724,-179.20436677729046,11.111324203547651,0.6214177978883861,0,759,493,890,517,9,target,right
1763480518.60439,-22.879956330509692,-178.9932635364505,11.309274807052669,0.5999637155297532,0,762,497,893,522,9,target,right
1763480518.734806,-22.985730491607768,-179.1745030583012,11.772075876736196,0.5884615384615384,0,762,498,892,522,9,target,right
1763480518.874588,-23.402342304023684,-179.1594913183103,11.921056254259486,0.5884615384615384,0,762,499,892,524,9,target,right
1763480518.998771,-22.86523784944702,-179.1893466755442,11.342609221374127,0.6036324786324787,0,762,499,893,523,9,target,right
1763480519.139765,-21.17555409125143,-179.24168305323627,11.345886828216926,0.5921945701357466,0,762,499,893,523,9,target,right
1763480519.268595,-23.07741580232071,-178.9225360365416,11.426976101012327,0.5921945701357466,0,762,499,893,523,9,target,right
1763480519.404263,-23.646736442291367,-178.7595868602231,12.048392738412453,0.5729638009049773,0,763,498,893,522,9,target,right
1763480519.539078,-23.128450257872828,-179.71707586165456,11.472468611434673,0.5884615384615384,0,763,498,893,521,9,target,right
1763480519.667506,-22.24696568734264,-179.87253359945288,11.284995832392518,0.5923831070889893,0,762,496,893,520,9,target,right
1763480519.809495,-21.419855388808493,179.5029897945804,11.268325862459946,0.6118867924528302,0,763,497,894,520,10,center,right
1763480519.930112,-21.81920500497322,-179.7291648269206,11.43083770311808,0.6276923076923078,0,763,497,894,520,10,center,right
1763480520.071841,-21.988881693525713,-179.85852077458074,11.044080560227778,0.616701607267645,0,763,497,893,521,10,center,right
1763480520.2022731,-22.885086008943365,-179.24235225114472,11.594153806325199,0.594313725490196,0,762,498,893,522,10,center,right
1763480520.338729,-20.258287765827042,179.7700128828104,11.286995380322406,0.6176470588235294,0,763,499,893,522,10,center,right
1763480520.468139,-21.12119381572417,-179.44056087697226,11.133737528017962,0.6074423480083857,0,761,501,893,524,10,center,right
1763480520.603971,-23.98523528358431,-178.5655816295974,11.73146526981628,0.614403453689168,0,762,502,893,525,10,center,right
1763480520.7394528,-25.697986517307022,-177.98392123033076,11.066463496222939,0.5941043083900227,0,761,503,892,525,10,center,right
1763480520.8701692,-24.038351712280832,-179.3565623947804,11.889092408781307,0.5735849056603773,0,761,504,891,527,10,gap,right
1763480521.0055418,-25.30917566321093,-178.81360320884434,11.745808121545487,0.5792307692307692,0,760,504,891,527,10,gap,right
1763480521.139497,-23.975140412219258,-179.0131496189604,11.310620086677774,0.6071678321678322,0,764,508,894,532,10,target,right
1763480521.272819,-30.912790135419666,-176.4473920408945,12.235511787603121,0.5759283819628647,0,769,508,901,532,10,target,right
1763480521.4071271,-24.487723145586013,-177.96434887328255,10.843436160631178,0.6036324786324787,0,765,509,895,532,10,target,right
1763480521.5360708,-26.495839477496634,-177.9988553485421,11.086559732283233,0.5727272727272728,0,766,509,895,532,10,target,right
1763480521.6700642,-30.454813792106666,-177.43487894630906,11.562178154880666,0.5737786640079761,0,766,506,894,530,10,target,right
1763480521.8103528,-29.362935862855593,-177.86249863547215,11.643118738973316,0.553921568627451,0,766,506,895,530,10,target,right
1763480521.9315689,-26.566780470416976,-177.96006029202746,11.415097489469137,0.5709033613445378,0,766,509,896,532,10,target,right
1763480522.075794,-31.607023452939405,-175.4050249312939,10.85097192802338,0.5653040877367896,0,766,505,897,528,10,target,right
1763480522.199973,-29.970620438632004,-178.24864517246354,12.062301292678725,0.5568295114656032,0,767,506,896,531,10,target,right
1763480522.331245,-31.063682937482206,-177.65821384510807,11.107026585508995,0.5768833849329205,0,767,507,897,530,10,target,right
1763480522.471324,-30.285580104341953,-177.178950430864,11.220351526743686,0.5758620689655172,0,767,505,897,529,10,target,right
1763480522.602626,-24.950371222921998,-178.59761422075766,11.047254597514138,0.6094771241830066,0,769,508,899,530,10,target,right
1763480522.736667,-26.170780079524995,-177.90061778089242,11.156858507875867,0.5865704772475028,0,769,507,899,530,11,center,right
1763480522.867819,-25.484385272781687,-179.38573079883443,11.266788738618716,0.6018867924528302,0,769,507,899,531,11,center,right
1763480523.003105,-32.73607611149548,-176.34362378673688,12.404467746190623,0.5384615384615384,0,769,503,901,528,11,center,right
1763480523.13407,-33.24170266023486,-177.2665518705721,13.143114689515276,0.5788787483702738,0,771,504,901,530,11,center,right
1763480523.274622,-27.805349767288888,-177.65317979857812,12.116836300271908,0.6018867924528302,0,778,503,906,529,11,center,right
1763480523.40851,-27.564603536153736,-177.60108086346352,11.823413391022736,0.6037254901960785,1,781,498,907,523,11,center,right
1763480523.535626,-26.45926474011833,-178.66907294716526,11.47074725900097,0.5970350404312668,0,781,489,907,515,11,center,right
1763480523.6743839,-26.187415698170508,-177.99335017182585,11.720461212372513,0.6036106750392465,1,782,491,909,517,11,center,right
1763480523.803272,-26.808130973666945,-177.07194591886014,11.78641335418546,0.6240188383045526,1,781,494,910,520,11,gap,right
1763480523.9373949,-25.510632267826562,-177.59064888535477,11.542027561978468,0.6096438575430172,1,779,496,906,522,11,gap,right
1763480524.074354,-24.531071804346826,-176.74179595910243,11.61465665532924,0.5798319327731092,1,776,495,904,521,11,target,right
1763480524.207459,-25.29959428007873,-176.0716815205594,11.417598815931905,0.5857142857142856,1,776,495,904,520,11,target,right
1763480524.337236,-23.35737673320455,-176.33685906842183,11.464834435716227,0.5531674208144797,1,776,496,905,521,11,target,right
1763480524.470829,-23.79115445069307,-176.20804403455733,11.169893186952562,0.5684615384615385,1,775,496,904,523,11,target,right
1763480524.6076102,-23.92932949490342,-175.58954679284332,11.266757746853408,0.5643137254901961,1,772,496,901,522,11,target,right
1763480524.738323,-23.210549466365823,-176.16587620141001,11.427455795353431,0.5727752639517345,1,770,497,900,523,11,target,right
1763480524.872034,-23.562183470168574,-176.1770801210242,11.549502814088319,0.5841176470588235,1,773,501,902,527,11,target,right
1763480525.003501,-23.63792738817576,-176.5107779936876,11.6486698014199,0.5976923076923077,1,776,500,904,526,11,target,right
1763480525.132262,-23.911902153615806,-175.9332078736161,11.649899037902733,0.5939215686274509,1,776,500,904,526,11,target,right
1763480525.273037,-24.1060973099683,-176.93529430123345,12.059681043007082,0.5841176470588235,1,777,501,905,526,11,target,right
1763480525.411735,-24.47201229742513,-177.25223181198078,11.941600116583496,0.6039215686274509,1,778,501,906,527,11,target,right
1763480525.536258,-23.32944264869221,-177.47844920698975,11.884262925562009,0.633921568627451,1,778,502,910,528,11,target,right
1763480525.671204,-24.040086922228895,-176.9497129812015,11.704192536415773,0.6137254901960785,1,780,503,907,528,12,center,right
1763480525.806387,-23.15051452338838,-179.03922403871925,11.832042664596237,0.6156122826489085,1,769,504,898,529,12,center,right
1763480525.940649,-24.264706405431532,-178.0590218664257,11.935758732829733,0.6250462449130596,1,773,504,902,529,12,center,right
1763480526.073368,-23.26325464494099,-178.6294021590607,12.258780309527832,0.6535294117647059,0,779,510,907,535,12,center,right
1763480526.2088552,-24.21822966764973,-178.32892044874995,12.015736472428795,0.6310331825037707,0,777,506,904,531,12,center,right
1763480526.342686,-25.35093282896276,-177.84236859079874,12.062400678562321,0.6213207547169811,0,777,506,905,531,12,center,right
1763480526.470954,-24.714081627189906,-177.80833546239015,11.88322301778009,0.6398559423769508,0,782,511,910,536,12,center,right
1763480526.606535,-23.830990377230084,-177.92003587670118,11.997712994905726,0.6565384615384615,0,780,508,906,532,12,center,right
1763480526.739084,-25.38889484857095,-178.11750142300286,11.663377237149119,0.6342229199372056,0,777,507,907,531,12,gap,right
1763480526.875689,-26.38442059040098,-177.9014488442681,11.78292916230294,0.6300520208083233,0,775,506,901,530,12,gap,right
1763480527.005352,-25.776014964782714,-177.949225725213,12.189685780530162,0.6398559423769508,0,781,507,907,533,12,target,right
1763480527.1335628,-24.950506441713493,-178.15402165411209,11.796569704238273,0.6369230769230769,0,782,513,909,538,12,target,right
1763480527.279412,-25.130583270761015,-177.60330044443188,12.04620989235021,0.6116138763197587,0,779,512,907,538,12,target,right
1763480527.402102,-25.811989237980807,-177.23593043731742,11.88576274029038,0.6336342229199372,0,778,508,905,533,12,target,right
